Model,Accuracy
SVM,0.9916666666666667
Random Forest,0.975
Logistic Regression,0.9666666666666667
Naïve Bayes,0.9333333333333333
Decision Tree,0.8666666666666667
KNN,0.6333333333333333
